Hhid,Personid,Country Of Birth,Country Of Citizenship,Head Of Household,Numppl_household,Relationship To Head Of Household,Marital Status,Age,Gender,Ethnic Origin,Year Of Entry,Original Resettlement State,state of residence last year US location,Lived In Same State Last Year,primary reason for move to US,num_months__health_costs_covered_organism_past_12mo,medical_expenses_covered_by,Bad Health 6 Months Or More Limiting Work,Bad Health 6 Months Or More Preventing Work,Usual Medical Care Source,Earnings last 12 months (amount),Earnings_per_person_last_12_months,given_aid,type_aid,Received_Food_Stamps,Applied For Permanent Residency,Applied For Permanent Residency Month,Applied For Permanent Residency Year,Planning Immigration Status Change,Currently Enrolled English Courses,Degree Or Certificate Received,Highest Degree Before Entry,Participate In Children Education,Speak English Now,Speak English On Arrival,Taught English Before Arrival,Taught English Past 12 Months,Years Of Schooling Before Entry,Training Duration Weeks,Work Status Summary,Attended Job Training Past 12 Months,Attended University Or Training Past 12 Months,Employment Before Entry,first job US date month,first job US date year,Job Business Kind Or Industry,Kind Of Work Before Entry,Layoff Or Absent From Job Last Week,Looking For Work Past 4 Weeks,Number Hours All Jobs Last Week,Number Hours Primary Job Last Week,Number Jobs Last Week,Work Hours Last Year,Work Hours Per Week,Work Job Last Week,Work More One Job Last Week,Work Status,worked since US entry,Wanted Degree Or Certificate From School,Weeks Since Job Started
99900030,999000301,Bhutan,Bhutan,(RECORD HEAD OF HOUSEHOLD NAME),3,Self,Married,45,Male,Other,2015 or later,Mid West,,Yes,Did not move to another state/it's the first state we lived in since living in U,12 months,Sponsor/sponsoring agency,Yes,No,Emergency room at a hospital,<=25k,"(Line Poverty,32k)",Yes,GA RCA SSI,No,No,,,Don't know,,,None,No,Not well,Not at all,No,No,0,,Government employee,No,No,Employee in private sector,January,2016,Manufacturing/production/factory,"Skilled tradesperson (carpenter, mechanic, plumber, linesperson, electrician, ta",,,,40,,Don't know,40,Yes,No,State government employee,,,
99900030,999000302,Bhutan,Bhutan,(RECORD HH MEMBER #2 IF APPLICABLE),3,Spouse (wife/husband),Married,38,Female,Other,2015 or later,Mid West,,Yes,Did not move to another state/it's the first state we lived in since living in U,12 months,Sponsor/sponsoring agency,Yes,Yes,Private physician,,,Yes,GA RCA SSI,No,Yes,,,Yes,,,None,No,Not at all,Not at all,No,No,0,,,No,No,Self-employed,,,,"Skilled tradesperson (carpenter, mechanic, plumber, linesperson, electrician, ta",,Yes,,,,,,No,,,Never worked in the U.S.,,
99900030,999000303,Nepal,Other,(RECORD HH MEMBER #3 IF APPLICABLE),3,Child / stepchild / foster child / ward,Never married,20,Male,Other,2015 or later,Mid West,,Yes,Did not move to another state/it's the first state we lived in since living in U,12 months,Sponsor/sponsoring agency,No,No,Private physician,<=25k,<=Line Poverty,Yes,GA RCA SSI,No,No,,,Don't know,,,Secondary (or high school diploma),No,Well,Well,Yes,No,11,,Don't know,No,No,Student,May,2015,Manufacturing/production/factory,Student,,,,12,,52,40,Yes,No,Don't know,,,
99900075,999000751,Bhutan,None,(RECORD HEAD OF HOUSEHOLD NAME),4,Self,Married,35,Male,Bhutanese,2015 or later,Mid West,,Yes,Did not move to another state/it's the first state we lived in since living in U,12 months,Medicaid,Yes,Yes,Folk healer,<=25k,<=Line Poverty,Yes,GA TANF SSI,Yes,Yes,March,2015,,,,Primary,Yes,Well,Not well,No,No,2,1,Government employee,Yes,No,Employee in private sector,April,2014,Misc. general products/goods/product companies,"Skilled tradesperson (carpenter, mechanic, plumber, linesperson, electrician, ta",,,,48,,40,48,Yes,No,State government employee,,,
99900075,999000752,Nepal,Other,(RECORD HH MEMBER #2 IF APPLICABLE),4,Spouse (wife/husband),Married,26,Female,Nepalese,2015 or later,Mid West,,Yes,Did not move to another state/it's the first state we lived in since living in U,12 months,Medicaid,No,No,Folk healer,<=25k,<=Line Poverty,Yes,GA TANF SSI,Yes,Yes,April,2015,,No,,None,No,Not well,Not at all,No,Yes,0,,Government employee,No,No,Not employed,April,2016,Manufacturing/production/factory,,On layoff,No,,,,26,12,No,,Federal government employee,Yes,,26
99900075,999000753,Nepal,None,(RECORD HH MEMBER #3 IF APPLICABLE),4,Child / stepchild / foster child / ward,Never married,8,Female,Nepalese,2015 or later,Mid West,,,,,,,,,,,Yes,GA TANF SSI,Yes,,,,,,,,,,,,,,,,,,,,,,,,,,,,,,,,,,,
99900075,999000754,Nepal,None,(RECORD HH MEMBER #4 IF APPLICABLE),4,Child / stepchild / foster child / ward,Never married,3,Male,Nepalese,2015 or later,Mid West,,,,,,,,,,,Yes,GA TANF SSI,Yes,,,,,,,,,,,,,,,,,,,,,,,,,,,,,,,,,,,
99900077,999000771,Bhutan,None,(RECORD HEAD OF HOUSEHOLD NAME),3,Self,Legally separated,29,Female,Other,2015 or later,South,,Yes,Refused,02 - 11 Months,Medicaid,No,No,Folk healer,<=25k,<=Line Poverty,Yes,GA TANF SSI,Yes,Yes,September,2016,,,,None,Yes,Not well,Not well,Yes,No,5,,Employee of a private business,No,No,Not employed,September,2015,Hospitality/entertainment,,,,,10,,52,14,Yes,No,Employee of a private business,,,
99900077,999000772,Nepal,None,(RECORD HH MEMBER #2 IF APPLICABLE),3,Parent / Stepparent / foster parent / guardian,Never married,12,Male,Other,2015 or later,South,,,,,,,,,,,Yes,GA TANF SSI,Yes,,,,,,,,,,,,,,,,,,,,,,,,,,,,,,,,,,,
99900077,999000773,Nepal,None,(RECORD HH MEMBER #3 IF APPLICABLE),3,Parent / Stepparent / foster parent / guardian,Never married,7,Female,Other,2015 or later,South,,,,,,,,,,,Yes,GA TANF SSI,Yes,,,,,,,,,,,,,,,,,,,,,,,,,,,,,,,,,,,
99900081,999000811,Bhutan,Bhutan,(RECORD HEAD OF HOUSEHOLD NAME),2,Self,Married,Don't know,Male,Other,2015 or later,Mid West,,,,,,,,,,,Don't know,Don't know,Yes,,,,,,,,,,,,,,,,,,,,,,,,,,,,,,,,,,,
99900081,999000812,Bhutan,Bhutan,(RECORD HH MEMBER #2 IF APPLICABLE),2,Spouse (wife/husband),Married,Don't know,Female,Other,2015 or later,Mid West,,Yes,Did not move to another state/it's the first state we lived in since living in U,12 months,No medical expenses,No,No,Other,,,Don't know,Don't know,Yes,Yes,,2016,,Yes,,None,No,Not at all,Not at all,No,Yes,Don't know,,Don't know,No,No,Not employed,December,2015,Manufacturing/production/factory,,,,,35,,52,35,Yes,No,Don't know,,,
99900086,999000861,Bhutan,None,(RECORD HEAD OF HOUSEHOLD NAME),4,Self,Married,35,Male,Other,2015 or later,Mid West,,Yes,Did not move to another state/it's the first state we lived in since living in U,02 - 11 Months,Other government source,No,No,Emergency room at a hospital,<=25k,"(Line Poverty,32k)",No,No,Yes,Yes,August,2015,,,,Technical school certification,Yes,Well,Not well,No,No,10,,Government employee,No,No,Self-employed,October,2015,Misc. general products/goods/product companies,Business owner,,,,43,,52,40,Yes,No,Federal government employee,,,
99900086,999000862,Nepal,Other,(RECORD HH MEMBER #2 IF APPLICABLE),4,Spouse (wife/husband),Married,27,Female,Nepalese,2015 or later,Mid West,,Yes,Did not move to another state/it's the first state we lived in since living in U,02 - 11 Months,Other government source,No,No,Emergency room at a hospital,<=25k,<=Line Poverty,No,No,Yes,No,,,No,,,Primary,Yes,Not well,Not at all,No,No,7,,Government employee,No,No,Self-employed,October,2015,Misc. general products/goods/product companies,White collar/office/administrative,"No, was not temporarily absent or on layoff",Yes,,,,4,8,No,,Federal government employee,Yes,,4
99900086,999000863,Nepal,None,(RECORD HH MEMBER #3 IF APPLICABLE),4,Child / stepchild / foster child / ward,Never married,9,Male,Nepalese,2015 or later,Mid West,,,,,,,,,,,No,No,Yes,,,,,,,,,,,,,,,,,,,,,,,,,,,,,,,,,,,
99900086,999000864,Nepal,None,(RECORD HH MEMBER #4 IF APPLICABLE),4,Child / stepchild / foster child / ward,Never married,6,Male,Nepalese,2015 or later,Mid West,,,,,,,,,,,No,No,Yes,,,,,,,,,,,,,,,,,,,,,,,,,,,,,,,,,,,
99900162,999001621,Bhutan,Bhutan,(RECORD HEAD OF HOUSEHOLD NAME),5,Self,Married,Don't know,Male,Other,2014,Mid West,,,,,,,,,,,Yes,GA,Yes,,,,,,,,,,,,,,,,,,,,,,,,,,,,,,,,,,,
99900162,999001622,Nepal,Other,(RECORD HH MEMBER #2 IF APPLICABLE),5,Parent / Stepparent / foster parent / guardian,Never married,24,Female,Nepalese,2013,Mid West,,Yes,Did not move to another state/it's the first state we lived in since living in U,12 months,Other government source,No,No,Emergency room at a hospital,<=25k,<=Line Poverty,Yes,GA,Yes,No,,,Yes,,,Secondary (or high school diploma),No,Not well,Not well,Yes,No,10,,Don't know,No,No,Student,,2013,Manufacturing/production/factory,Student,,,,40,,50,40,Yes,No,Don't know,,,
99900162,999001623,Bhutan,None,(RECORD HH MEMBER #3 IF APPLICABLE),5,Spouse (wife/husband),Married,62,Female,Other,2015 or later,Mid West,,Yes,Did not move to another state/it's the first state we lived in since living in U,12 months,Other government source,No,No,Emergency room at a hospital,,,Yes,GA,Yes,No,,,Yes,,,None,Yes,Not at all,Not at all,No,No,0,,,No,No,Not employed,,,,,,No,,,,,,No,,,Never worked in the U.S.,,
99900162,999001624,Bhutan,None,(RECORD HH MEMBER #4 IF APPLICABLE),5,Parent / Stepparent / foster parent / guardian,Married,28,Male,Other,2015 or later,Mid West,,Yes,Did not move to another state/it's the first state we lived in since living in U,12 months,Other government source,No,No,Emergency room at a hospital,,,Yes,GA,Yes,No,,,Yes,No,,Other,Yes,Well,Not well,Yes,Yes,12,,Don't know,No,No,Civil servant (civilian in local or national government),August,2014,Manufacturing/production/factory,"Profession worker (lawyer, doctor, scientist, nurse, engineer, accountant, progr",,,,24,,20,40,Yes,No,Don't know,,,
99900162,999001625,Nepal,None,(RECORD HH MEMBER #5 IF APPLICABLE),5,Father-in-law / Mother-in-law,Married,20,Female,Other,2015 or later,Mid West,,Yes,Did not move to another state/it's the first state we lived in since living in U,12 months,Other government source,No,No,Emergency room at a hospital,<=25k,<=Line Poverty,Yes,GA,Yes,No,,,Yes,No,,Secondary (or high school diploma),Yes,Not well,Not well,Yes,Yes,11,5,Government employee,Yes,No,Civil servant (civilian in local or national government),May,2016,Health care/education/social service,"Profession worker (lawyer, doctor, scientist, nurse, engineer, accountant, progr",,,,10,,0,10,Yes,No,State government employee,,,
99900244,999002441,Bhutan,Refused,(RECORD HEAD OF HOUSEHOLD NAME),5,Self,Married,Don't know,Male,Don't know,2015 or later,West,,,,,,,,,,,Don't know,Don't know,Yes,,,,,,,,,,,,,,,,,,,,,,,,,,,,,,,,,,,
99900244,999002442,Nepal,Refused,(RECORD HH MEMBER #2 IF APPLICABLE),5,Sibling / Stepsister / Stepbrother,Married,22,Male,Don't know,2014,West,,Yes,Refused,0 months,No medical expenses,No,No,Private physician,"(25k,64k)",<=Line Poverty,Don't know,Don't know,Yes,No,,,Yes,,,Primary,Yes,Not well,Not at all,No,No,6,,Refused,No,No,Self-employed,March,2015,Misc. general products/goods/product companies,Laborer,,,,40,,52,40,Yes,No,Refused,,,
99900244,999002443,Nepal,Other,(RECORD HH MEMBER #3 IF APPLICABLE),5,Spouse (wife/husband),Married,Don't know,Female,Don't know,2015 or later,West,,,,,,,,,,,Don't know,Don't know,Yes,,,,,,,,,,,,,,,,,,,,,,,,,,,,,,,,,,,
99900244,999002444,Nepal,Refused,(RECORD HH MEMBER #4 IF APPLICABLE),5,Other relative,Married,20,Female,Don't know,2014,West,,Yes,Refused,0 months,Insurance through own employment,No,No,Private physician,"(25k,64k)",<=Line Poverty,Don't know,Don't know,Yes,No,,,Yes,,,Primary,Yes,Well,Not well,Yes,No,8,,Refused,No,No,Student,March,2015,Maintenance/cleaning services,Refused,,,,40,,28,40,Yes,No,Refused,,,
99900244,999002445,Nepal,Refused,(RECORD HH MEMBER #5 IF APPLICABLE),5,Child / stepchild / foster child / ward,Never married,17,Male,Don't know,2015 or later,West,,Yes,Refused,Don't know,Medicaid,No,No,Private physician,,,Don't know,Don't know,Yes,No,,,Yes,,No,Primary,Refused,Not well,Not at all,No,No,5,,,No,Yes,Student,,,,Student,,No,,,,,,No,,,Never worked in the U.S.,Yes,
99900249,999002491,Bhutan,None,(RECORD HEAD OF HOUSEHOLD NAME),5,Self,Married,34,Female,Other,2015 or later,West,,Yes,Did not move to another state/it's the first state we lived in since living in U,12 months,Medicaid,No,No,Health clinic,"(25k,64k)",<=Line Poverty,Yes,GA,Yes,Yes,August,2016,,,,Other,Yes,Not at all,Not at all,Yes,No,11,,Don't know,No,No,Not employed,April,2015,Hospitality/entertainment,,,,,40,,52,40,Yes,No,Don't know,,,
99900249,999002492,Bhutan,None,(RECORD HH MEMBER #2 IF APPLICABLE),5,Sibling / Stepsister / Stepbrother,Never married,Don't know,Male,Other,2015 or later,West,,,,,,,,,,,Yes,GA,Yes,,,,,,,,,,,,,,,,,,,,,,,,,,,,,,,,,,,
99900249,999002493,Nepal,None,(RECORD HH MEMBER #3 IF APPLICABLE),5,Parent / Stepparent / foster parent / guardian,Never married,5,Male,Other,2015 or later,West,,,,,,,,,,,Yes,GA,Yes,,,,,,,,,,,,,,,,,,,,,,,,,,,,,,,,,,,
99900249,999002494,Bhutan,None,(RECORD HH MEMBER #4 IF APPLICABLE),5,Child / stepchild / foster child / ward,Widowed,Don't know,Female,Other,2013,West,,,,,,,,,,,Yes,GA,Yes,,,,,,,,,,,,,,,,,,,,,,,,,,,,,,,,,,,
99900249,999002495,Bhutan,None,(RECORD HH MEMBER #5 IF APPLICABLE),5,Sibling / Stepsister / Stepbrother,Never married,34,Female,Other,2013,West,,Yes,Did not move to another state/it's the first state we lived in since living in U,Don't know,Don't know,No,No,Health clinic,,,Yes,GA,Yes,No,,,Yes,,,Secondary (or high school diploma),No,Not well,Not well,Yes,No,12,,Don't know,Don't know,No,Not employed,,,"Personal services (laundry, barber, home care, etc.)",,,,80,,2,52,80,Yes,Yes,Don't know,,,
99900320,999003201,Bhutan,None,(RECORD HEAD OF HOUSEHOLD NAME),3,Self,Married,30,Male,Other,2012,West,,Yes,Employment opportunities,12 months,Sponsor/sponsoring agency,No,No,Private physician,"(25k,64k)","(Line Poverty,32k)",No,No,No,No,,,Yes,,,Secondary (or high school diploma),Not applicable,Well,Not well,Yes,No,13,,Employee of a private business,No,No,Other,October,2012,Other (RECORD INDUSTRY),"Education (teacher, professor, educator, etc.)",,,,39,,52,40,Yes,No,Employee of a private business,,,
99900320,999003202,Bhutan,None,(RECORD HH MEMBER #2 IF APPLICABLE),3,Spouse (wife/husband),Married,25,Female,Other,2015 or later,South,,Yes,Did not move to another state/it's the first state we lived in since living in U,12 months,Other government source,No,No,Folk healer,,,No,No,No,No,,,Yes,,,Secondary (or high school diploma),No,Well,Not well,Yes,No,13,,,No,No,Employee in private sector,,,,"Education (teacher, professor, educator, etc.)",,No,,,,,,No,,,Never worked in the U.S.,,
99900320,999003203,United States,United States,(RECORD HH MEMBER #3 IF APPLICABLE),3,Parent / Stepparent / foster parent / guardian,Never married,less than 1 year,Male,Other,,South,,,,,,,,,,,No,No,No,,,,,,,,,,,,,,,,,,,,,,,,,,,,,,,,,,,
99901682,999016822,Bhutan,Bhutan,(RECORD HH MEMBER #2 IF APPLICABLE),3,Spouse (wife/husband),Married,30,Female,Other,2012,Mid West,,Yes,Did not move to another state/it's the first state we lived in since living in U,Don't know,Medicaid,Yes,Yes,Private physician,,,No,No,Yes,No,,,Yes,No,,Secondary (or high school diploma),Yes,Not well,Not well,Yes,Yes,12,8,,Yes,No,Not employed,,,,,,Yes,,,,,,No,,,Never worked in the U.S.,,
99901682,999016823,Bhutan,Bhutan,(RECORD HH MEMBER #3 IF APPLICABLE),3,Other relative,Married,Don't know,Male,Other,2015 or later,Mid West,,,,,,,,,,,No,No,Yes,,,,,,,,,,,,,,,,,,,,,,,,,,,,,,,,,,,
99902187,999021872,Bhutan,None,(RECORD HH MEMBER #2 IF APPLICABLE),5,Spouse (wife/husband),Married,20,Female,Bhutanese,2013,North East,,,,,,,,,,,No,No,No,,,,,,,,,,,,,,,,,,,,,,,,,,,,,,,,,,,
99902187,999021875,Bhutan,None,(RECORD HH MEMBER #5 IF APPLICABLE),5,Other relative,Married,Don't know,Female,Lhotsampa,,North East,,,,,,,,,,,No,No,No,,,,,,,,,,,,,,,,,,,,,,,,,,,,,,,,,,,
99902187,999021873,Bhutan,None,(RECORD HH MEMBER #3 IF APPLICABLE),5,Sibling / Stepsister / Stepbrother,Married,44,Male,Lhotsampa,2015 or later,North East,,,,,,,,,,,No,No,No,,,,,,,,,,,,,,,,,,,,,,,,,,,,,,,,,,,
99902187,999021874,Bhutan,None,(RECORD HH MEMBER #4 IF APPLICABLE),5,Sibling / Stepsister / Stepbrother,Married,Don't know,Male,Lhotsampa,,North East,,,,,,,,,,,No,No,No,,,,,,,,,,,,,,,,,,,,,,,,,,,,,,,,,,,
99901277,999012771,Bhutan,Other,(RECORD HEAD OF HOUSEHOLD NAME),3,Self,Never married,Don't know,Female,Other,2014,South,,,,,,,,,,,Don't know,Don't know,Yes,,,,,,,,,,,,,,,,,,,,,,,,,,,,,,,,,,,
99901277,999012773,Bhutan,Other,(RECORD HH MEMBER #3 IF APPLICABLE),3,Other relative,Married,Don't know,Male,Other,2015 or later,South,,,,,,,,,,,Don't know,Don't know,Yes,,,,,,,,,,,,,,,,,,,,,,,,,,,,,,,,,,,
99900434,999004343,Nepal,Refused,(RECORD HH MEMBER #3 IF APPLICABLE),3,Child / stepchild / foster child / ward,Never married,6,Female,Don't know,2015 or later,West,,,,,,,,,,,Don't know,Don't know,Yes,,,,,,,,,,,,,,,,,,,,,,,,,,,,,,,,,,,
99900434,999004342,Bhutan,Refused,(RECORD HH MEMBER #2 IF APPLICABLE),3,Spouse (wife/husband),Married,27,Female,Lhotsampa,2015 or later,West,,Yes,Refused,02 - 11 Months,Medicaid,Yes,Yes,Private physician,,,Don't know,Don't know,Yes,No,,,Yes,,,Primary,Yes,Not well,Not at all,No,No,7,,Refused,No,No,Not employed,October,2015,Maintenance/cleaning services,,Refused,No,,,,36,Don't know,No,,Refused,Yes,,
99900978,999009782,Bhutan,Don't know,(RECORD HH MEMBER #2 IF APPLICABLE),2,Spouse (wife/husband),Married,Don't know,Female,Don't know,2015 or later,Mid West,,,,,,,,,,,Don't know,Don't know,No,,,,,,,,,,,,,,,,,,,,,,,,,,,,,,,,,,,
99902179,999021792,Nepal,None,(RECORD HH MEMBER #2 IF APPLICABLE),2,Spouse (wife/husband),Married,22,Female,Lhotsampa,2015 or later,South,,,,,,,,,,,Yes,GA RCA SSI,Yes,,,,,,,,,,,,,,,,,,,,,,,,,,,,,,,,,,,
99901042,999010422,Bhutan,Don't know,(RECORD HH MEMBER #2 IF APPLICABLE),3,Spouse (wife/husband),Married,Don't know,Female,Lhotsampa,2015 or later,North East,,,,,,,,,,,No,No,No,,,,,,,,,,,,,,,,,,,,,,,,,,,,,,,,,,,
99900877,999008773,Nepal,Don't know,(RECORD HH MEMBER #3 IF APPLICABLE),3,Child / stepchild / foster child / ward,Never married,7,Female,Other,2015 or later,Mid West,,,,,,,,,,,No,No,No,,,,,,,,,,,,,,,,,,,,,,,,,,,,,,,,,,,
99901324,999013243,Nepal,United States,(RECORD HH MEMBER #3 IF APPLICABLE),3,Child / stepchild / foster child / ward,Child,14,Female,Other,2015 or later,South,,,,,,,,,,,No,No,No,,,,,,,,,,,,,,,,,,,,,,,,,,,,,,,,,,,
99900441,999004413,Bhutan,None,(RECORD HH MEMBER #3 IF APPLICABLE),5,Spouse (wife/husband),Married,Don't know,Female,Other,,Mid West,,,,,,,,,,,Don't know,Don't know,No,,,,,,,,,,,,,,,,,,,,,,,,,,,,,,,,,,,
99900441,999004414,Nepal,None,(RECORD HH MEMBER #4 IF APPLICABLE),5,Other relative,Never married,Don't know,Female,Other,2015 or later,Mid West,,,,,,,,,,,Don't know,Don't know,No,,,,,,,,,,,,,,,,,,,,,,,,,,,,,,,,,,,
99900877,999008772,Nepal,Other,(RECORD HH MEMBER #2 IF APPLICABLE),3,Spouse (wife/husband),Married,27,Female,Nepalese,2015 or later,Mid West,,Yes,Don't know,0 months,Insurance through own employment,No,No,Private physician,<=25k,<=Line Poverty,No,No,No,No,,,Yes,No,,Technical school certification,Yes,Well,Not well,No,Yes,10,,Government employee,No,No,Self-employed,,2015,Other (RECORD INDUSTRY),Retail/sales/distribution,,,,40,,Don't know,40,Yes,No,Local government employee,,,
99901324,999013242,Bhutan,United States,(RECORD HH MEMBER #2 IF APPLICABLE),3,Spouse (wife/husband),Married,43,Female,Other,2015 or later,South,,Yes,Did not move to another state/it's the first state we lived in since living in U,12 months,Other insurance,Yes,Yes,Private physician,,,No,No,No,No,,,Yes,,,None,Yes,Not at all,Not at all,No,No,4,1,,Yes,No,Not employed,,,,,,No,,,,,,No,,,Never worked in the U.S.,,
99901042,999010423,Nepal,Don't know,(RECORD HH MEMBER #3 IF APPLICABLE),3,Child / stepchild / foster child / ward,Never married,8,Male,Lhotsampa,2015 or later,North East,,,,,,,,,,,No,No,No,,,,,,,,,,,,,,,,,,,,,,,,,,,,,,,,,,,
99900441,999004411,Bhutan,None,(RECORD HEAD OF HOUSEHOLD NAME),5,Self,Married,Don't know,Male,Other,,98,,,,,,,,,,,Don't know,Don't know,No,,,,,,,,,,,,,,,,,,,,,,,,,,,,,,,,,,,
99900441,999004415,Nepal,None,(RECORD HH MEMBER #5 IF APPLICABLE),5,Parent / Stepparent / foster parent / guardian,Never married,Don't know,Male,Other,,Mid West,,,,,,,,,,,Don't know,Don't know,No,,,,,,,,,,,,,,,,,,,,,,,,,,,,,,,,,,,
99900422,999004223,Nepal,None,(RECORD HH MEMBER #3 IF APPLICABLE),5,Parent / Stepparent / foster parent / guardian,Never married,12,Female,Nepalese,2015 or later,South,,,,,,,,,,,Don't know,Don't know,Yes,,,,,,,,,,,,,,,,,,,,,,,,,,,,,,,,,,,
99900422,999004225,Bhutan,None,(RECORD HH MEMBER #5 IF APPLICABLE),5,Son-in-law / Daughter-in-law,Married,Don't know,Female,Nepalese,,South,,,,,,,,,,,Don't know,Don't know,Yes,,,,,,,,,,,,,,,,,,,,,,,,,,,,,,,,,,,
99902046,999020462,Nepal,None,(RECORD HH MEMBER #2 IF APPLICABLE),2,Parent / Stepparent / foster parent / guardian,Child,9,Female,Lhotsampa,2015 or later,Mid West,,,,,,,,,,,No,No,Yes,,,,,,,,,,,,,,,,,,,,,,,,,,,,,,,,,,,
99901048,999010483,Bhutan,None,(RECORD HH MEMBER #3 IF APPLICABLE),4,Child / stepchild / foster child / ward,Married,Don't know,Female,Bhutanese,,North East,,,,,,,,,,,No,No,Yes,,,,,,,,,,,,,,,,,,,,,,,,,,,,,,,,,,,
99901048,999010484,Nepal,None,(RECORD HH MEMBER #4 IF APPLICABLE),4,Spouse (wife/husband),Married,Don't know,Female,Nepalese,2015 or later,North East,,,,,,,,,,,No,No,Yes,,,,,,,,,,,,,,,,,,,,,,,,,,,,,,,,,,,
99900823,999008233,Nepal,None,(RECORD HH MEMBER #3 IF APPLICABLE),3,Child / stepchild / foster child / ward,Never married,19,Female,Nepalese,2014,Mid West,,Yes,Did not move to another state/it's the first state we lived in since living in U,12 months,No medical expenses,Yes,Yes,Folk healer,<=25k,<=Line Poverty,No,No,Yes,Yes,June,2015,,,No,Technical school certification,Not applicable,Very well,Well,No,No,10,,Employee of a private business,No,Yes,Student,August,2015,Hospitality/entertainment,Student,"No, was not temporarily absent or on layoff",Yes,,,,12,20,No,,Employee of a private business,Yes,Yes,12
99900823,999008232,Bhutan,None,(RECORD HH MEMBER #2 IF APPLICABLE),3,Other relative,Other,42,Female,Bhutanese,2014,Mid West,,Yes,Did not move to another state/it's the first state we lived in since living in U,12 months,Other government source,Yes,Yes,Folk healer,<=25k,<=Line Poverty,No,No,Yes,Yes,June,2015,,Yes,,None,Yes,Not at all,Not at all,No,Yes,0,,Employee of a private business,No,Yes,Not employed,October,2014,Hospitality/entertainment,,,,,36,,51,38,Yes,No,Employee of a private business,,No,
99901320,999013202,Bhutan,None,(RECORD HH MEMBER #2 IF APPLICABLE),3,Spouse (wife/husband),Married,46,Female,Bhutanese,2015 or later,North East,,Yes,Did not move to another state/it's the first state we lived in since living in U,02 - 11 Months,Other government source,Yes,Yes,Health clinic,,,No,No,Yes,Yes,June,2016,,,,None,Yes,Not at all,Not at all,Yes,No,0,,,No,No,Other,,,,"Service worker (social worker, hairdresser, housekeeper, etc.)",,No,,,,,,No,,,Never worked in the U.S.,,
99900422,999004222,Bhutan,None,(RECORD HH MEMBER #2 IF APPLICABLE),5,Spouse (wife/husband),Married,Don't know,Male,Nepalese,2015 or later,South,,,,,,,,,,,Don't know,Don't know,Yes,,,,,,,,,,,,,,,,,,,,,,,,,,,,,,,,,,,
99900422,999004224,Nepal,None,(RECORD HH MEMBER #4 IF APPLICABLE),5,Parent / Stepparent / foster parent / guardian,Never married,7,Male,Nepalese,2015 or later,South,,,,,,,,,,,Don't know,Don't know,Yes,,,,,,,,,,,,,,,,,,,,,,,,,,,,,,,,,,,
99901048,999010482,Bhutan,None,(RECORD HH MEMBER #2 IF APPLICABLE),4,Child / stepchild / foster child / ward,Married,Don't know,Male,Bhutanese,,North East,,,,,,,,,,,No,No,Yes,,,,,,,,,,,,,,,,,,,,,,,,,,,,,,,,,,,
99901320,999013203,Nepal,None,(RECORD HH MEMBER #3 IF APPLICABLE),3,Child / stepchild / foster child / ward,Never married,17,Male,Nepalese,2015 or later,North East,,Yes,Did not move to another state/it's the first state we lived in since living in U,12 months,Other government source,No,No,Health clinic,,,No,No,Yes,Yes,October,2016,,,No,Technical school certification,Not applicable,Well,Not well,No,No,10,,Government employee,No,Yes,Student,August,2016,Maintenance/cleaning services,Student,"No, was not temporarily absent or on layoff",No,,,,8,40,No,,Federal government employee,Yes,Yes,8
99900904,999009043,Nepal,Don't know,(RECORD HH MEMBER #3 IF APPLICABLE),4,Child / stepchild / foster child / ward,Never married,6,Female,Don't know,2015 or later,North East,,,,,,,,,,,Yes,GA,Yes,,,,,,,,,,,,,,,,,,,,,,,,,,,,,,,,,,,
99900904,999009044,Bhutan,Don't know,(RECORD HH MEMBER #4 IF APPLICABLE),4,Sibling / Stepsister / Stepbrother,Never married,Don't know,Female,Lhotsampa,2015 or later,North East,,,,,,,,,,,Yes,GA,Yes,,,,,,,,,,,,,,,,,,,,,,,,,,,,,,,,,,,
99900549,999005494,Nepal,None,(RECORD HH MEMBER #4 IF APPLICABLE),5,Child / stepchild / foster child / ward,Never married,2,Female,Nepalese,2015 or later,North East,,,,,,,,,,,Yes,GA,No,,,,,,,,,,,,,,,,,,,,,,,,,,,,,,,,,,,
99900549,999005495,Nepal,None,(RECORD HH MEMBER #5 IF APPLICABLE),5,Child / stepchild / foster child / ward,Never married,less than 1 year,Female,Nepalese,2015 or later,North East,,,,,,,,,,,Yes,GA,No,,,,,,,,,,,,,,,,,,,,,,,,,,,,,,,,,,,
99901094,999010942,Bhutan,Bhutan,(RECORD HH MEMBER #2 IF APPLICABLE),2,Spouse (wife/husband),Married,Don't know,Female,Other,2015 or later,Mid West,,,,,,,,,,,Yes,GA,Yes,,,,,,,,,,,,,,,,,,,,,,,,,,,,,,,,,,,
99901099,999010994,Bhutan,Don't know,(RECORD HH MEMBER #4 IF APPLICABLE),5,Son-in-law / Daughter-in-law,Married,Don't know,Female,Lhotsampa,2015 or later,North East,,,,,,,,,,,Yes,GA,Yes,,,,,,,,,,,,,,,,,,,,,,,,,,,,,,,,,,,
99901658,999016585,Bhutan,Bhutan,(RECORD HH MEMBER #5 IF APPLICABLE),5,Parent / Stepparent / foster parent / guardian,Married,61,Female,Nepalese,2015 or later,Mid West,,,,,,,,,,,Yes,GA,Yes,,,,,,,,,,,,,,,,,,,,,,,,,,,,,,,,,,,
99901099,999010995,Nepal,United States,(RECORD HH MEMBER #5 IF APPLICABLE),5,Grandchild / Step-grandchild,Never married,11,Female,Lhotsampa,2015 or later,North East,,,,,,,,,,,Yes,GA,Yes,,,,,,,,,,,,,,,,,,,,,,,,,,,,,,,,,,,
99900904,999009042,Nepal,Other,(RECORD HH MEMBER #2 IF APPLICABLE),4,Spouse (wife/husband),Married,31,Female,Don't know,2015 or later,North East,,Yes,Refused,02 - 11 Months,Medicaid,No,Yes,Health clinic,<=25k,<=Line Poverty,Yes,GA,Yes,No,,,Don't know,,,Refused,Yes,Not well,Not well,No,No,Don't know,,Refused,No,No,Not employed,October,2015,Hospitality/entertainment,,,,,16,,Don't know,16,Yes,No,Refused,,,
99901658,999016583,Bhutan,Bhutan,(RECORD HH MEMBER #3 IF APPLICABLE),5,Other relative,Married,29,Female,Nepalese,2015 or later,Mid West,,Yes,Did not move to another state/it's the first state we lived in since living in U,Don't know,Medicaid,No,No,Other,"(25k,64k)",<=Line Poverty,Yes,GA,Yes,No,,,Yes,,,Primary,Yes,Not well,Not at all,No,No,4,,Employee of a private business,No,No,Not employed,August,2015,Manufacturing/production/factory,,,,,36,,50,36,Yes,No,Employee of a private business,,,
99900735,999007354,Bhutan,None,(RECORD HH MEMBER #4 IF APPLICABLE),5,Spouse (wife/husband),Married,36,Female,Bhutanese,2015 or later,Mid West,,Yes,Did not move to another state/it's the first state we lived in since living in U,12 months,No medical expenses,No,No,Folk healer,,,Yes,GA,Yes,Yes,December,2016,,,,Primary,Yes,Not well,Not at all,No,No,3,,Government employee,No,No,Not employed,,,Health care/education/social service,,,,,40,,Don't know,40,Yes,No,State government employee,,,
99901614,999016142,Nepal,None,(RECORD HH MEMBER #2 IF APPLICABLE),3,Spouse (wife/husband),Married,23,Female,Bhutanese,,South,,Yes,Reunification with relatives,12 months,Medicaid,No,No,Emergency room at a hospital,,,Yes,GA RCA,No,No,,,Yes,,,Primary,Yes,Not well,Not at all,No,No,9,,,No,No,Not employed,,,,,,Yes,,,,,,No,,,Never worked in the U.S.,,
99900549,999005493,Nepal,None,(RECORD HH MEMBER #3 IF APPLICABLE),5,Spouse (wife/husband),Married,24,Female,Nepalese,2015 or later,North East,,Yes,Did not move to another state/it's the first state we lived in since living in U,02 - 11 Months,Other government source,No,No,Folk healer,,,Yes,GA,No,Yes,,,Yes,,,Technical school certification,Yes,Well,Well,No,No,10,,Government employee,No,No,Student,,,Hospitality/entertainment,Student,On layoff,No,,,,10,40,No,,Federal government employee,Yes,,45
99900549,999005492,Bhutan,None,(RECORD HH MEMBER #2 IF APPLICABLE),5,Parent / Stepparent / foster parent / guardian,Divorced,55,Female,Nepalese,2015 or later,North East,,Yes,Did not move to another state/it's the first state we lived in since living in U,12 months,Other government source,Yes,Yes,Folk healer,,,Yes,GA,No,Yes,,,Yes,,,None,Yes,Not at all,Not at all,No,No,0,,,No,No,Not employed,,,,,,No,,,,,,No,,,Never worked in the U.S.,,
99901898,999018983,Bhutan,Bhutan,(RECORD HH MEMBER #3 IF APPLICABLE),3,Parent / Stepparent / foster parent / guardian,Married,51,Female,Bhutanese,2015 or later,Mid West,,Yes,Did not move to another state/it's the first state we lived in since living in U,12 months,Other government source,Yes,Yes,Private physician,,,Yes,GA,Yes,Yes,December,2016,,,,Training in refugee camp,No,Not well,Not well,No,No,0,,,No,No,Not employed,,,,,,No,,,,,,No,,,Never worked in the U.S.,,
99900492,999004925,Bhutan,None,(RECORD HH MEMBER #5 IF APPLICABLE),5,Spouse (wife/husband),Married,30,Female,Other,2015 or later,North East,,Yes,Did not move to another state/it's the first state we lived in since living in U,12 months,Refugee Medical Assistance (RMA),No,No,Emergency room at a hospital,,,Yes,GA,Yes,No,,,Yes,,,Primary,Yes,Well,Not well,No,No,5,,,No,No,Other,,,,"Service worker (social worker, hairdresser, housekeeper, etc.)",,No,,,,,,No,,,Never worked in the U.S.,,
99901099,999010992,Bhutan,Bhutan,(RECORD HH MEMBER #2 IF APPLICABLE),5,Spouse (wife/husband),Married,47,Female,Lhotsampa,2014,North East,,Yes,Refused,12 months,Medicaid,Yes,Yes,Private physician,,,Yes,GA,Yes,No,,,Don't know,,,None,No,Not at all,Not at all,No,No,0,,,No,No,Not employed,,,,,,No,,,,,,No,,,Never worked in the U.S.,,
99901065,999010652,Bhutan,None,(RECORD HH MEMBER #2 IF APPLICABLE),5,Spouse (wife/husband),Married,39,Female,Bhutanese,2015 or later,North East,,Yes,Did not move to another state/it's the first state we lived in since living in U,12 months,Other government source,Yes,Yes,Health clinic,,,Yes,GA,Yes,Yes,August,2016,,,,None,Yes,Not well,Not at all,No,No,0,,,No,No,Not employed,,,,,,No,,,,,,No,,,Never worked in the U.S.,,
99900492,999004923,Bhutan,None,(RECORD HH MEMBER #3 IF APPLICABLE),5,Child / stepchild / foster child / ward,Legally separated,55,Female,Other,2015 or later,North East,,Yes,Did not move to another state/it's the first state we lived in since living in U,12 months,Refugee Medical Assistance (RMA),No,No,Emergency room at a hospital,,,Yes,GA,Yes,No,,,Yes,,,None,Not applicable,Not at all,Not at all,No,No,0,,,No,No,Not employed,,,,,,No,,,,,,No,,,Never worked in the U.S.,,
99900735,999007353,Bhutan,None,(RECORD HH MEMBER #3 IF APPLICABLE),5,Parent / Stepparent / foster parent / guardian,Married,72,Female,Bhutanese,,Mid West,,Yes,Did not move to another state/it's the first state we lived in since living in U,12 months,Other government source,Yes,Yes,Folk healer,,,Yes,GA,Yes,No,,,Yes,,,None,Yes,Not at all,Not at all,No,No,0,,,No,No,Not employed,,,,,,No,,,,,,No,,,Never worked in the U.S.,,
99901658,999016584,Bhutan,Bhutan,(RECORD HH MEMBER #4 IF APPLICABLE),5,Parent / Stepparent / foster parent / guardian,Married,63,Male,Nepalese,2015 or later,Mid West,,,,,,,,,,,Yes,GA,Yes,,,,,,,,,,,,,,,,,,,,,,,,,,,,,,,,,,,
99901065,999010654,Nepal,None,(RECORD HH MEMBER #4 IF APPLICABLE),5,Child / stepchild / foster child / ward,Never married,15,Male,Bhutanese,2015 or later,North East,,,,,,,,,,,Yes,GA,Yes,,,,,,,,,,,,,,,,,,,,,,,,,,,,,,,,,,,
99901065,999010655,Nepal,None,(RECORD HH MEMBER #5 IF APPLICABLE),5,Child / stepchild / foster child / ward,Never married,10,Male,Bhutanese,2015 or later,North East,,,,,,,,,,,Yes,GA,Yes,,,,,,,,,,,,,,,,,,,,,,,,,,,,,,,,,,,
99900492,999004924,Bhutan,None,(RECORD HH MEMBER #4 IF APPLICABLE),5,Sibling / Stepsister / Stepbrother,Married,27,Male,Other,2012,North East,,Yes,Reunification with relatives,Don't know,Don't know,No,No,Emergency room at a hospital,,,Yes,GA,Yes,No,,,Yes,,,Secondary (or high school diploma),Not applicable,Well,Well,Yes,No,12,,Don't know,No,No,Student,,,Misc. general products/goods/product companies,Student,,,,40,,33,40,Yes,No,Don't know,,,
99901658,999016581,Bhutan,Bhutan,(RECORD HEAD OF HOUSEHOLD NAME),5,Self,Married,31,Male,Nepalese,2012,Mid West,,Yes,Don't know,0 months,Insurance through own employment,No,No,Emergency room at a hospital,,,Yes,GA,Yes,No,,,Yes,No,,Technical school certification,Yes,Well,Not well,Yes,Yes,12,,Employee of a private business,No,No,Employed (unspecified if private or government),,2012,Health care/education/social service,"Education (teacher, professor, educator, etc.)",,,,36,,48,36,Yes,No,Employee of a private business,,,
99900492,999004921,Bhutan,None,(RECORD HEAD OF HOUSEHOLD NAME),5,Self,Married,45,Male,Other,2015 or later,North East,,Yes,Did not move to another state/it's the first state we lived in since living in U,12 months,Other government source,No,No,Emergency room at a hospital,,,Yes,GA,Yes,No,,,Don't know,,,None,Yes,Well,Not well,No,No,Don't know,,Don't know,No,No,Employee in private sector,,,Hospitality/entertainment,Laborer,,,,40,,33,35,Yes,No,Don't know,,,
99900735,999007355,Bhutan,None,(RECORD HH MEMBER #5 IF APPLICABLE),5,Sibling / Stepsister / Stepbrother,Married,42,Male,Bhutanese,,Mid West,,Yes,Did not move to another state/it's the first state we lived in since living in U,Don't know,Don't know,Don't know,Don't know,Folk healer,,,Yes,GA,Yes,Yes,,,Yes,,,Don't know,Yes,Very well,Well,No,No,Don't know,,Don't know,Don't know,No,Employed (unspecified if private or government),,,Don't know,"Education (teacher, professor, educator, etc.)",,,,,,Don't know,Don't know,Yes,Yes,Don't know,,,
99901614,999016141,Bhutan,None,(RECORD HEAD OF HOUSEHOLD NAME),3,Self,Married,28,Male,Bhutanese,2014,South,,Yes,Reunification with relatives,12 months,Don't know,No,No,Emergency room at a hospital,,,Yes,GA RCA,No,No,,,Yes,,,Secondary (or high school diploma),Yes,Well,Not well,Yes,No,12,,Don't know,No,No,Employed (unspecified if private or government),August,2014,Retail/wholesale trade/warehousing,"Education (teacher, professor, educator, etc.)",,,,40,,52,40,Yes,No,Don't know,,,
99901898,999018982,Bhutan,Bhutan,(RECORD HH MEMBER #2 IF APPLICABLE),3,Parent / Stepparent / foster parent / guardian,Married,65,Male,Bhutanese,2015 or later,Mid West,,Yes,Did not move to another state/it's the first state we lived in since living in U,12 months,Other government source,Yes,Yes,Private physician,,,Yes,GA,Yes,Yes,December,2016,,,,None,No,Not well,Not at all,No,No,1,,,No,No,Employed (unspecified if private or government),,,,Laborer,,No,,,,,,No,,,Never worked in the U.S.,,
99901099,999010991,Bhutan,Refused,(RECORD HEAD OF HOUSEHOLD NAME),5,Self,Married,67,Male,Lhotsampa,2014,North East,,No,Refused,12 months,Medicaid,Yes,Yes,Private physician,,,Yes,GA,Yes,No,,,Don't know,,,None,Refused,Not at all,Not at all,No,No,0,,,No,No,Not employed,,,,,,No,,,,,,No,,,Never worked in the U.S.,,
99900735,999007352,Bhutan,None,(RECORD HH MEMBER #2 IF APPLICABLE),5,Parent / Stepparent / foster parent / guardian,Married,72,Male,Bhutanese,,Mid West,,Yes,Did not move to another state/it's the first state we lived in since living in U,Don't know,Other government source,Yes,Yes,Folk healer,,,Yes,GA,Yes,Yes,,,Yes,,,None,Yes,Not at all,Not at all,No,No,0,,,No,No,Employed (unspecified if private or government),,,,Laborer,,No,,,,,,No,,,Never worked in the U.S.,,
99901065,999010653,Nepal,None,(RECORD HH MEMBER #3 IF APPLICABLE),5,Child / stepchild / foster child / ward,Never married,18,Male,Bhutanese,2015 or later,North East,,Yes,Did not move to another state/it's the first state we lived in since living in U,12 months,Other government source,No,No,Folk healer,,,Yes,GA,Yes,Yes,August,2016,,,No,Technical school certification,Not applicable,Very well,Well,No,No,11,,,No,Yes,Student,,,,Student,,No,,,,,,No,,,Never worked in the U.S.,Yes,
99900756,999007563,Nepal,Refused,(RECORD HH MEMBER #3 IF APPLICABLE),3,Child / stepchild / foster child / ward,Never married,4,Female,Lhotsampa,2015 or later,South,,,,,,,,,,,No,No,No,,,,,,,,,,,,,,,,,,,,,,,,,,,,,,,,,,,
99901039,999010392,Bhutan,None,(RECORD HH MEMBER #2 IF APPLICABLE),4,Spouse (wife/husband),Married,Don't know,Female,Bhutanese,2015 or later,Mid West,,,,,,,,,,,No,No,No,,,,,,,,,,,,,,,,,,,,,,,,,,,,,,,,,,,
99901039,999010393,Nepal,None,(RECORD HH MEMBER #3 IF APPLICABLE),4,Child / stepchild / foster child / ward,Never married,14,Female,Nepalese,2015 or later,Mid West,,,,,,,,,,,No,No,No,,,,,,,,,,,,,,,,,,,,,,,,,,,,,,,,,,,
99900756,999007562,Bhutan,Bhutan,(RECORD HH MEMBER #2 IF APPLICABLE),3,Spouse (wife/husband),Married,42,Female,Lhotsampa,2015 or later,South,,Yes,Refused,12 months,Medicaid,Yes,Yes,Private physician,,,No,No,No,No,,,Yes,,,Secondary (or high school diploma),Yes,Well,Not at all,Yes,No,12,4,,Yes,No,Employed (unspecified if private or government),,,,"Education (teacher, professor, educator, etc.)",,Yes,,,,,,No,,,Never worked in the U.S.,,
99900923,999009232,Bhutan,Refused,(RECORD HH MEMBER #2 IF APPLICABLE),4,Spouse (wife/husband),Married,50,Female,Lhotsampa,2015 or later,South,,Yes,Refused,Don't know,Medicaid,Yes,Yes,No regular source,,,Don't know,Don't know,Yes,No,,,Yes,,,Primary,Yes,Not well,Not well,No,No,5,,,No,No,Not employed,,,,,,No,,,,,,No,,,Never worked in the U.S.,,
99900923,999009234,Nepal,Refused,(RECORD HH MEMBER #4 IF APPLICABLE),4,Child / stepchild / foster child / ward,Never married,16,Female,Lhotsampa,2015 or later,South,,Yes,Refused,0 months,Refused,No,No,Folk healer,,,Don't know,Don't know,Yes,No,,,Yes,,No,Primary,Not applicable,Well,Not well,Yes,No,6,,,No,Yes,Student,,,,Student,,No,,,,,,No,,,Never worked in the U.S.,Yes,
99901039,999010394,Nepal,None,(RECORD HH MEMBER #4 IF APPLICABLE),4,Child / stepchild / foster child / ward,Never married,8,Male,Nepalese,2015 or later,Mid West,,,,,,,,,,,No,No,No,,,,,,,,,,,,,,,,,,,,,,,,,,,,,,,,,,,
99900923,999009233,Bhutan,Bhutan,(RECORD HH MEMBER #3 IF APPLICABLE),4,Child / stepchild / foster child / ward,Never married,18,Male,Lhotsampa,2015 or later,South,,Yes,Refused,0 months,Refused,No,No,Folk healer,,,Don't know,Don't know,Yes,No,,,Yes,,Yes,Primary,Not applicable,Very well,Well,Yes,No,9,,,No,Yes,Student,,,,Student,,No,,,,,,No,,,Never worked in the U.S.,Yes,
99900536,999005364,Nepal,None,(RECORD HH MEMBER #4 IF APPLICABLE),4,Child / stepchild / foster child / ward,Never married,2,Female,Nepalese,2015 or later,North East,,,,,,,,,,,Yes,GA,Yes,,,,,,,,,,,,,,,,,,,,,,,,,,,,,,,,,,,
99900536,999005363,Nepal,None,(RECORD HH MEMBER #3 IF APPLICABLE),4,Spouse (wife/husband),Married,20,Female,Nepalese,2015 or later,North East,,Yes,Did not move to another state/it's the first state we lived in since living in U,02 - 11 Months,Other government source,Yes,Yes,Emergency room at a hospital,<=25k,<=Line Poverty,Yes,GA,Yes,No,,,Yes,,,Primary,Yes,Not well,Not well,No,No,8,,Don't know,No,No,Not employed,,2016,"Personal services (laundry, barber, home care, etc.)",,"No, was not temporarily absent or on layoff",No,,,,4,40,No,,Don't know,Yes,,
99900536,999005362,Bhutan,None,(RECORD HH MEMBER #2 IF APPLICABLE),4,Parent / Stepparent / foster parent / guardian,Widowed,69,Male,Bhutanese,2015 or later,North East,,Yes,Did not move to another state/it's the first state we lived in since living in U,12 months,Other government source,Yes,Yes,Emergency room at a hospital,,,Yes,GA,Yes,No,,,Yes,,,None,Yes,Not at all,Not at all,No,No,0,,,No,No,Employed (unspecified if private or government),,,,"Skilled tradesperson (carpenter, mechanic, plumber, linesperson, electrician, ta",,No,,,,,,No,,,Never worked in the U.S.,,
99902422,999024222,Bhutan,None,(RECORD HH MEMBER #2 IF APPLICABLE),2,Spouse (wife/husband),Married,37,Female,Lhotsampa,2015 or later,North East,,Yes,Did not move to another state/it's the first state we lived in since living in U,12 months,Other government source,No,No,Emergency room at a hospital,<=25k,<=Line Poverty,Yes,SSI,Yes,Yes,,2016,,Yes,,None,Yes,Not well,Not at all,Yes,Yes,0,,Government employee,No,No,Not employed,January,2016,"Personal services (laundry, barber, home care, etc.)",,,,,31,,52,31,Yes,No,Federal government employee,,,
99901757,999017574,Nepal,None,(RECORD HH MEMBER #4 IF APPLICABLE),4,Child / stepchild / foster child / ward,Never married,13,Female,Nepalese,2015 or later,North East,,,,,,,,,,,Yes,RCA SSI,Yes,,,,,,,,,,,,,,,,,,,,,,,,,,,,,,,,,,,
99901757,999017572,Bhutan,None,(RECORD HH MEMBER #2 IF APPLICABLE),4,Spouse (wife/husband),Married,38,Female,Nepalese,2015 or later,North East,,Yes,Did not move to another state/it's the first state we lived in since living in U,12 months,Medicaid,No,No,Health clinic,,,Yes,RCA SSI,Yes,No,,,No,Yes,No,None,No,Not well,Not at all,No,Yes,1,,,No,Yes,Not employed,,,,,,No,,,,,,No,,,Never worked in the U.S.,Yes,
99901757,999017573,Nepal,None,(RECORD HH MEMBER #3 IF APPLICABLE),4,Child / stepchild / foster child / ward,Never married,17,Male,Nepalese,2015 or later,North East,,Yes,Did not move to another state/it's the first state we lived in since living in U,12 months,Medicaid,No,No,Health clinic,,,Yes,RCA SSI,Yes,No,,,Yes,,No,Primary,Not applicable,Well,Not well,Yes,No,9,,,No,Yes,Student,,,,Student,,No,,,,,,No,,,Never worked in the U.S.,Yes,
99901682,999016821,Bhutan,Bhutan,(RECORD HEAD OF HOUSEHOLD NAME),3,Self,Married,Don't know,Male,Other,2012,Mid West,,Yes,Did not move to another state/it's the first state we lived in since living in U,Don't know,Other government source,No,No,Private physician,<=25k,"(Line Poverty,32k)",No,No,Yes,No,,,Yes,No,,Primary,Yes,Well,Not well,No,Yes,10,,Employee of a private business,No,Yes,Civil servant (civilian in local or national government),,,Hospitality/entertainment,White collar/office/administrative,,,47,37,2,52,36,Yes,Yes,Employee of a private business,,No,
99902187,999021871,Bhutan,None,(RECORD HEAD OF HOUSEHOLD NAME),5,Self,Married,34,Male,Lhotsampa,2013,North East,,Yes,Did not move to another state/it's the first state we lived in since living in U,12 months,Self or household members,No,No,Emergency room at a hospital,,,No,No,No,No,,,Yes,,,Don't know,Yes,Not well,Not well,No,No,Don't know,,Government employee,No,No,Employee in private sector,July,2013,Manufacturing/production/factory,"Skilled tradesperson (carpenter, mechanic, plumber, linesperson, electrician, ta",,,,40,,Don't know,40,Yes,No,Federal government employee,,,
99901277,999012772,Bhutan,Other,(RECORD HH MEMBER #2 IF APPLICABLE),3,Other relative,Married,26,Male,Other,2014,South,,Yes,Don't know,Don't know,Medicaid,No,No,Private physician,,,Don't know,Don't know,Yes,No,,,Yes,,,Primary,No,Well,Not well,No,No,9,,Employee of a private business,No,No,Employee in private sector,,2015,Retail/wholesale trade/warehousing,Laborer,,,,40,,38,9,Yes,No,Employee of a private business,,,
99902298,999022981,Bhutan,None,(RECORD HEAD OF HOUSEHOLD NAME),1,Self,Never married,32,Female,Bhutanese,2015 or later,South,,Yes,Did not move to another state/it's the first state we lived in since living in U,0 months,Other insurance,No,No,Emergency room at a hospital,,,No,No,No,Yes,January,2017,,,,Primary,Not applicable,Well,Not well,Yes,No,10,,Employee of a private business,No,No,Employee in private sector,June,2015,Retail/wholesale trade/warehousing,"Service worker (social worker, hairdresser, housekeeper, etc.)",,,,40,,50,40,Yes,No,Employee of a private business,,,
99900434,999004341,Bhutan,Refused,(RECORD HEAD OF HOUSEHOLD NAME),3,Self,Married,27,Male,Lhotsampa,2015 or later,West,,Yes,Refused,02 - 11 Months,Don't know,Yes,Yes,Private physician,<=25k,<=Line Poverty,Don't know,Don't know,Yes,Don't know,,,Yes,,,Primary,Yes,Not well,Not well,No,No,10,,Refused,No,No,Student,July,2015,Retail/wholesale trade/warehousing,Student,,,,36,,Don't know,36,Yes,No,Refused,,,
99900978,999009781,Bhutan,Don't know,(RECORD HEAD OF HOUSEHOLD NAME),2,Self,Married,35,Male,Don't know,2015 or later,Mid West,,Yes,Don't know,12 months,Medicaid,Yes,Yes,Private physician,,,Don't know,Don't know,No,Yes,October,2016,,No,,None,Not applicable,Not well,Not well,Don't know,Yes,5,,Don't know,No,Yes,Self-employed,September,2016,Other (RECORD INDUSTRY),Laborer,,,,40,,Don't know,40,Yes,No,Don't know,,No,
99902179,999021791,Bhutan,None,(RECORD HEAD OF HOUSEHOLD NAME),2,Self,Married,24,Male,Lhotsampa,2015 or later,South,,Yes,Employment opportunities,0 months,Insurance through own employment,No,No,Private physician,"(25k,64k)","(Line Poverty,32k)",Yes,GA RCA SSI,Yes,No,,,Yes,,,University degree (other than medical),Not applicable,Well,Not well,No,No,12,,Employee of a private business,No,No,Student,July,2015,Manufacturing/production/factory,Student,,,,24,,51,48,Yes,No,Employee of a private business,,,
99900441,999004412,Bhutan,None,(RECORD HH MEMBER #2 IF APPLICABLE),5,Other relative,Never married,23,Female,Other,2015 or later,Mid West,,Yes,Did not move to another state/it's the first state we lived in since living in U,12 months,Other government source,No,No,Private physician,,,Don't know,Don't know,No,No,,,Yes,,,Secondary (or high school diploma),Not applicable,Not well,Not well,Yes,No,12,,Refused,No,No,Student,November,2015,Refused,Student,,,,40,,Don't know,40,Yes,No,Refused,,,
99900877,999008771,Bhutan,Don't know,(RECORD HEAD OF HOUSEHOLD NAME),3,Self,Married,29,Male,Other,2015 or later,Mid West,,Yes,Don't know,0 months,Insurance through own employment,No,No,Private physician,<=25k,<=Line Poverty,No,No,No,No,,,Yes,,,None,Yes,Well,Not well,No,No,6,,Government employee,No,No,Self-employed,September,2015,Other (RECORD INDUSTRY),Laborer,,,,45,,52,45,Yes,No,Local government employee,,,
99901324,999013241,Bhutan,United States,(RECORD HEAD OF HOUSEHOLD NAME),3,Self,Married,46,Male,Other,2015 or later,South,,Yes,Don't know,12 months,Medicaid,Yes,Yes,Private physician,"(25k,64k)","(Line Poverty,32k)",No,No,No,No,,,Yes,No,,University degree (other than medical),Yes,Not well,Not well,Yes,Yes,15,1,Government employee,Yes,No,Employed (unspecified if private or government),October,2015,Retail/wholesale trade/warehousing,"Education (teacher, professor, educator, etc.)",,,,40,,48,40,Yes,No,State government employee,,,
99901042,999010421,Bhutan,Don't know,(RECORD HEAD OF HOUSEHOLD NAME),3,Self,Married,32,Male,Lhotsampa,2015 or later,North East,,Yes,Reunification with relatives,02 - 11 Months,Insurance through own employment,No,No,Private physician,"(25k,64k)","(Line Poverty,32k)",No,No,No,No,,,Yes,,,Secondary (or high school diploma),Yes,Not well,Not well,No,No,12,,Employee of a private business,No,No,Self-employed,November,2015,Manufacturing/production/factory,"Education (teacher, professor, educator, etc.)",,,,50,,52,50,Yes,No,Employee of a private business,,,
99902046,999020461,Bhutan,None,(RECORD HEAD OF HOUSEHOLD NAME),2,Self,Legally separated,28,Female,Lhotsampa,2015 or later,Mid West,,Yes,Did not move to another state/it's the first state we lived in since living in U,Don't know,Medicaid,No,No,Private physician,,,No,No,Yes,Yes,October,2016,,,,Primary,Yes,Well,Not well,Yes,No,10,,Employee of a private business,No,No,Not employed,May,2015,Retail/wholesale trade/warehousing,,,,,40,,50,40,Yes,No,Employee of a private business,,,
99900422,999004221,Bhutan,None,(RECORD HEAD OF HOUSEHOLD NAME),5,Self,Married,Don't know,Female,Nepalese,2015 or later,South,,Yes,Did not move to another state/it's the first state we lived in since living in U,Don't know,Refugee Medical Assistance (RMA),No,No,Emergency room at a hospital,,,Don't know,Don't know,Yes,No,,,Yes,,,Primary,Yes,Not at all,Not at all,No,No,4,,,No,No,Not employed,,,,,,No,,,,,,No,,,Never worked in the U.S.,,
99900823,999008231,Bhutan,None,(RECORD HEAD OF HOUSEHOLD NAME),3,Self,Never married,35,Male,Bhutanese,2015 or later,Mid West,,Yes,Did not move to another state/it's the first state we lived in since living in U,12 months,No medical expenses,No,No,Health clinic,"(25k,64k)","(Line Poverty,32k)",No,No,Yes,Yes,August,2016,,,,Training in refugee camp,No,Well,Not well,No,No,10,,Employee of a private business,No,No,Employee in private sector,September,2015,Misc. general products/goods/product companies,Laborer,,,,40,,52,40,Yes,No,Employee of a private business,,,
99901320,999013201,Bhutan,None,(RECORD HEAD OF HOUSEHOLD NAME),3,Self,Married,47,Male,Bhutanese,2015 or later,North East,,Yes,Did not move to another state/it's the first state we lived in since living in U,12 months,Other government source,No,No,Health clinic,<=25k,"(Line Poverty,32k)",No,No,Yes,Yes,June,2015,,,,Primary,Yes,Not well,Not at all,Yes,No,2,5,Employee of a private business,Yes,No,Other,October,2015,Manufacturing/production/factory,"Service worker (social worker, hairdresser, housekeeper, etc.)",,,,56,,Don't know,54,Yes,No,Employee of a private business,,,
99901048,999010481,Bhutan,None,(RECORD HEAD OF HOUSEHOLD NAME),4,Self,Married,28,Male,Bhutanese,2015 or later,North East,,Yes,Did not move to another state/it's the first state we lived in since living in U,Don't know,Other government source,Yes,Yes,Folk healer,"(25k,64k)","(Line Poverty,32k)",No,No,Yes,Yes,March,2017,,,,Secondary (or high school diploma),Yes,Very well,Well,No,No,14,,Government employee,No,No,Employed (unspecified if private or government),December,2015,Manufacturing/production/factory,"Education (teacher, professor, educator, etc.)",,,,32,,40,40,Yes,No,Federal government employee,,,
99901740,999017401,Bhutan,Bhutan,(RECORD HEAD OF HOUSEHOLD NAME),1,Self,Married,42,Male,Lhotsampa,2015 or later,North East,North East,No,Employment opportunities,12 months,Refugee Medical Assistance (RMA),No,No,Private physician,,,Don't know,Don't know,Yes,Yes,,2016,,,,Primary,Yes,Not well,Not well,Yes,No,10,,Employee of a private business,No,No,Not employed,December,2015,Retail/wholesale trade/warehousing,,,,,24,,Don't know,36,Yes,No,Employee of a private business,,,
99900492,999004922,Bhutan,None,(RECORD HH MEMBER #2 IF APPLICABLE),5,Other relative,Married,28,Female,Other,2014,North East,,Yes,Did not move to another state/it's the first state we lived in since living in U,12 months,Other government source,No,No,Emergency room at a hospital,,,Yes,GA,Yes,No,,,Yes,,,None,Not applicable,Not at all,Not at all,No,No,0,,,No,No,Self-employed,,,,Laborer,,No,,,,,,No,,,Never worked in the U.S.,,
99901614,999016143,Bhutan,None,(RECORD HH MEMBER #3 IF APPLICABLE),3,Parent / Stepparent / foster parent / guardian,Widowed,74,Female,Bhutanese,2015 or later,South,,Yes,Reunification with relatives,12 months,Medicaid,Yes,Yes,Private physician,,,Yes,GA RCA,No,No,,,Yes,,,None,No,Not at all,Not at all,No,No,0,,,No,No,Not employed,,,,,,No,,,,,,No,,,Never worked in the U.S.,,
99900904,999009041,Bhutan,Refused,(RECORD HEAD OF HOUSEHOLD NAME),4,Self,Married,31,Male,Lhotsampa,2015 or later,North East,,Yes,Refused,12 months,Insurance through own employment,No,No,Health clinic,,,Yes,GA,Yes,Yes,September,2016,,,,University degree (other than medical),Yes,Well,Not well,Yes,No,17,,Refused,No,No,Employed (unspecified if private or government),December,2015,Health care/education/social service,"Education (teacher, professor, educator, etc.)",,,,35,,40,35,Yes,No,Refused,,,
99901065,999010651,Bhutan,None,(RECORD HEAD OF HOUSEHOLD NAME),5,Self,Married,46,Male,Bhutanese,2015 or later,North East,,Yes,Did not move to another state/it's the first state we lived in since living in U,Don't know,Other government source,Yes,Yes,Health clinic,<=25k,<=Line Poverty,Yes,GA,Yes,Yes,August,2016,,,,None,Yes,Not well,Not at all,No,No,0,,Government employee,No,No,Employed (unspecified if private or government),June,2015,Manufacturing/production/factory,White collar/office/administrative,,,,40,,45,40,Yes,No,Federal government employee,,,
99901658,999016582,Bhutan,Bhutan,(RECORD HH MEMBER #2 IF APPLICABLE),5,Other relative,Married,32,Male,Nepalese,2015 or later,Mid West,,Yes,Did not move to another state/it's the first state we lived in since living in U,Don't know,Medicaid,No,No,Other,"(25k,64k)",<=Line Poverty,Yes,GA,Yes,No,,,Yes,,,Primary,Yes,Not well,Not at all,No,No,10,,Employee of a private business,No,No,Employee in private sector,August,2015,Manufacturing/production/factory,Laborer,,,,36,,50,36,Yes,No,Employee of a private business,,,
99900549,999005491,Bhutan,None,(RECORD HEAD OF HOUSEHOLD NAME),5,Self,Married,27,Male,Nepalese,2015 or later,North East,,Yes,Did not move to another state/it's the first state we lived in since living in U,02 - 11 Months,No medical expenses,No,No,Folk healer,,,Yes,GA,No,Yes,,,Yes,,,Secondary (or high school diploma),Yes,Very well,Well,No,No,12,,Government employee,No,No,Employee in private sector,May,2015,Manufacturing/production/factory,"Service worker (social worker, hairdresser, housekeeper, etc.)",,,,40,,51,40,Yes,No,Federal government employee,,,
99901898,999018981,Bhutan,None,(RECORD HEAD OF HOUSEHOLD NAME),3,Self,Never married,32,Male,Bhutanese,2015 or later,Mid West,,Yes,Did not move to another state/it's the first state we lived in since living in U,02 - 11 Months,No medical expenses,No,No,Private physician,<=25k,"(Line Poverty,32k)",Yes,GA,Yes,Yes,December,2016,,,,Secondary (or high school diploma),Not applicable,Well,Well,No,No,12,,Employee of a private business,No,No,Employed (unspecified if private or government),November,2015,Manufacturing/production/factory,"Education (teacher, professor, educator, etc.)",,,,40,,41,40,Yes,No,Employee of a private business,,,
99900735,999007351,Bhutan,None,(RECORD HEAD OF HOUSEHOLD NAME),5,Self,Married,39,Male,Bhutanese,2015 or later,Mid West,,Yes,Did not move to another state/it's the first state we lived in since living in U,12 months,Other government source,No,No,Folk healer,,,Yes,GA,Yes,Yes,November,2016,,,,Primary,Yes,Not well,Not well,No,No,7,,Employee of a private business,No,No,Employee in private sector,October,2015,Health care/education/social service,"Skilled tradesperson (carpenter, mechanic, plumber, linesperson, electrician, ta",,,,40,,40,40,Yes,No,Employee of a private business,,,
99901099,999010993,Bhutan,Don't know,(RECORD HH MEMBER #3 IF APPLICABLE),5,Child / stepchild / foster child / ward,Married,35,Male,Lhotsampa,2015 or later,North East,,Yes,Refused,12 months,Medicaid,No,No,Private physician,,,Yes,GA,Yes,No,,,Don't know,,,Primary,Yes,Not well,Not well,Don't know,No,10,,Refused,No,No,Employee in private sector,July,2015,Misc. general products/goods/product companies,Laborer,,,,12,,Don't know,8,Yes,No,Refused,,,
99901094,999010941,Bhutan,Bhutan,(RECORD HEAD OF HOUSEHOLD NAME),2,Self,Married,36,Male,Other,2015 or later,Mid West,,Yes,Don't know,Don't know,Medicaid,Yes,No,Emergency room at a hospital,,,Yes,GA,Yes,No,,,Yes,Yes,,None,Yes,Not well,Not at all,No,Yes,0,,,No,No,Employee in private sector,,,,Laborer,,No,,,,,,No,,,Never worked in the U.S.,,
99900989,999009891,Bhutan,Don't know,(RECORD HEAD OF HOUSEHOLD NAME),1,Self,Married,34,Male,Lhotsampa,2015 or later,South,,Yes,Don't know,Don't know,Medicaid,No,No,Health clinic,<=25k,"(Line Poverty,32k)",Yes,GA TANF SSI,Yes,Yes,February,2017,,,,Primary,Yes,Not well,Not well,No,No,12,,Employee of a private business,No,No,Not employed,November,2015,Manufacturing/production/factory,,On layoff,No,,,,48,45,No,,Employee of a private business,Yes,,60
99902549,999025491,Bhutan,None,(RECORD HEAD OF HOUSEHOLD NAME),1,Self,Never married,30,Female,Bhutanese,2015 or later,North East,,Yes,Did not move to another state/it's the first state we lived in since living in U,12 months,Medicaid,No,No,Private physician,,,No,No,No,Yes,January,2017,,,,Secondary (or high school diploma),Not applicable,Well,Not well,Yes,No,12,,Employee of a private business,No,No,Employed (unspecified if private or government),March,2016,Hospitality/entertainment,"Education (teacher, professor, educator, etc.)",,,,37,,52,37,Yes,No,Employee of a private business,,,
99900923,999009231,Bhutan,Refused,(RECORD HEAD OF HOUSEHOLD NAME),4,Self,Married,47,Male,Lhotsampa,2015 or later,South,,Yes,Refused,0 months,Insurance through own employment,No,No,Folk healer,<=25k,<=Line Poverty,Don't know,Don't know,Yes,No,,,Don't know,,,Primary,Yes,Not well,Not well,No,No,3,,Refused,No,No,Employee in private sector,August,2015,"Skilled tradesperson/contracting (electricians, mechanics, tailor, etc.)",Laborer,,,,,,Don't know,Don't know,Yes,No,Refused,,,
99901039,999010391,Bhutan,None,(RECORD HEAD OF HOUSEHOLD NAME),4,Self,Married,45,Male,Bhutanese,2015 or later,Mid West,,Yes,Did not move to another state/it's the first state we lived in since living in U,12 months,No medical expenses,No,No,Folk healer,<=25k,<=Line Poverty,No,No,No,Yes,,2016,,,,Primary,Yes,Not at all,Not at all,No,No,3,,Government employee,No,No,Employee in private sector,,2016,Maintenance/cleaning services,"Skilled tradesperson (carpenter, mechanic, plumber, linesperson, electrician, ta",,,,40,,52,40,Yes,No,Federal government employee,,,
99900756,999007561,Bhutan,Bhutan,(RECORD HEAD OF HOUSEHOLD NAME),3,Self,Married,45,Male,Lhotsampa,2015 or later,South,,Yes,Refused,12 months,Medicaid,No,No,Private physician,,,No,No,No,No,,,Yes,,,Primary,Yes,Not well,Not at all,No,No,2,4,Refused,Yes,No,Self-employed,May,2014,"Skilled tradesperson/contracting (electricians, mechanics, tailor, etc.)","Service worker (social worker, hairdresser, housekeeper, etc.)",,,,37,,48,Don't know,Yes,No,Refused,,,
99900536,999005361,Bhutan,None,(RECORD HEAD OF HOUSEHOLD NAME),4,Self,Married,26,Male,Nepalese,2015 or later,North East,,Yes,Did not move to another state/it's the first state we lived in since living in U,02 - 11 Months,Other government source,No,No,Emergency room at a hospital,<=25k,<=Line Poverty,Yes,GA,Yes,No,,,Yes,,,Secondary (or high school diploma),Yes,Not well,Not well,No,No,11,,Employee of a private business,No,No,Employee in private sector,June,2016,Manufacturing/production/factory,Laborer,,,,40,,Don't know,30,Yes,No,Employee of a private business,,,
99902422,999024221,Bhutan,None,(RECORD HEAD OF HOUSEHOLD NAME),2,Self,Married,40,Male,Lhotsampa,2015 or later,North East,,Yes,Did not move to another state/it's the first state we lived in since living in U,12 months,No medical expenses,No,No,Private physician,"(25k,64k)","(Line Poverty,32k)",Yes,SSI,Yes,Yes,November,2016,,,,Technical school certification,Yes,Well,Not well,No,No,10,1,Don't know,Yes,No,Other,September,2015,Health care/education/social service,"Service worker (social worker, hairdresser, housekeeper, etc.)",,,,40,,51,40,Yes,No,Don't know,,,
99901757,999017571,Bhutan,None,(RECORD HEAD OF HOUSEHOLD NAME),4,Self,Married,40,Male,Nepalese,2015 or later,North East,,Yes,Did not move to another state/it's the first state we lived in since living in U,12 months,Medicaid,No,No,Private physician,<=25k,<=Line Poverty,Yes,RCA SSI,Yes,No,,,Yes,,No,Primary,No,Not well,Not at all,No,No,4,,Employee of a private business,No,Yes,Employee in private sector,September,2015,Hospitality/entertainment,Retail/sales/distribution,,,,32,,46,32,Yes,No,Employee of a private business,,Yes,